configuration,p_at_10,r_at_10,map,top10_stability
Full CAD,0.9866666666666667,0.8222222222222221,0.9604650837517706,1.0
Without criticality,0.6766666666666665,0.5638888888888889,0.8080878899045761,0.6699999999999998
Without frequency,0.8799999999999998,0.7333333333333333,0.8998842259418772,0.7333333333333333
Without fragility,0.6500000000000001,0.5416666666666666,0.6886351425354349,0.6633333333333336
Without trace exposure,0.6000000000000001,0.5,0.5521689584924877,0.48000000000000004
