configuration,p_at_10,r_at_10,map,top10_stability
Full CAD,0.9266666666666664,0.7722222222222221,0.9101119126857081,1.0
Without criticality,0.6466666666666666,0.5388888888888889,0.5931733083121044,0.6100000000000001
Without frequency,0.83,0.6916666666666667,0.8741118786342871,0.7133333333333332
Without fragility,0.62,0.5166666666666667,0.6669651649251622,0.6699999999999999
Without trace exposure,0.5666666666666667,0.4722222222222222,0.5064495384831061,0.42666666666666675
