method,p_at_10,p_at_10_ci_low,p_at_10_ci_high,r_at_10,r_at_10_ci_low,r_at_10_ci_high,map,map_ci_low,map_ci_high,mrr,cliffs_delta,cliffs_delta_label
Static fragility,0.5666666666666667,0.5433333333333332,0.5966666666666666,0.4722222222222222,0.45,0.4972222222222222,0.5064495384831061,0.4693922278972674,0.543171924358208,0.4972222222222223,0.9955555555555555,large
Frequency only,0.42666666666666664,0.38000000000000006,0.46333333333333326,0.3555555555555555,0.3194444444444445,0.3888888888888888,0.3578712318774889,0.32955221101684473,0.38627098203592897,0.5111111111111112,1.0,large
Unweighted process-aware,0.6466666666666666,0.6033333333333334,0.6866666666666668,0.5388888888888889,0.5027777777777778,0.5722222222222222,0.5931733083121044,0.5517070270181488,0.6337715834060719,0.6333333333333333,0.9755555555555555,large
Full CAD,0.9266666666666664,0.8833333333333333,0.9499999999999997,0.7722222222222221,0.7388888888888888,0.7916666666666665,0.9101119126857081,0.8837236127076504,0.9310601277735218,0.9666666666666667,,reference
