pathway_id,frequency,criticality
0,0.09787682398540079,0.5
1,0.09697619254924189,0.25
2,0.19950990621087886,0.25
3,0.06350703627869074,0.25
4,0.02717673160344907,0.5
5,0.044755715734666315,1.0
6,0.031465356613469615,0.25
7,0.06558255905152408,0.75
8,0.1362314850644681,0.75
9,0.08958253888382027,0.5
10,0.022000773916177455,0.5
11,0.0649105578487709,1.0
12,0.005421345707668957,0.5
13,0.055002976551772956,0.75
