method,mean_seconds,std_seconds
Static fragility,0.002894497200031765,0.0004255782249032974
Frequency only,0.0032337862000531457,0.0005668876878542312
Unweighted process-aware,0.0031703664499673325,0.00042409198405040554
Full CAD,0.0033674968000468653,0.00045166389023943375
