method,mean_seconds,std_seconds
Static fragility,0.002029838349972124,0.00013786439982302662
Frequency only,0.002259864400002698,0.0001146664670584768
Unweighted process-aware,0.002123672500010798,7.062215320903415e-05
Full CAD,0.001957719699930749,6.594206130566112e-05
