perturbation,top10_overlap,spearman_rho,kendall_tau
Uniform fragility weights,9.833333333333334,0.9980627322782396,0.9792010071678404
Alternative criticality mapping,8.3,0.9692151819728638,0.8712363142198886
Frequency threshold 1.0%,10.0,0.9995760749575913,0.995373222790859
Trace completeness reduced by 20%,7.933333333333334,0.8710806334144913,0.7663782087712778
Trace completeness increased by 20%,9.966666666666667,0.9905431605816061,0.9801618314492994
